equipment;equipment_type
PANTSIR-S1;AD
ZSU-23/4;AD
SA-16;AD MP
SA-6;AD
SA-8 GECKO;AD
MTLB STRELA-10M;AD
SA-13 GOPHER;AD
SA-19 GRISON;AD MP
SA-18 IGLA;AD MP
SA-15 GAUNTLET;AD
SA-24 GRINCH;AD MP
Zu-23-2;AD
ZU-23-2M1;AD
SA-17 GRIZZLY / 9A317M;AD
SA-17 GRIZZLY / 9A316M;AD
SA-21;AD
SA-20;AD
SA-11 / BUK-M1;AD
SA-17;AD
S-300 TEL / SA-23;AD
S-300 TEL / SA-12;AD
9A51;MRL
BM-27;MRL
BM-30 SMERCH;MRL
BM-27M URAGAN -1M;MRL
BM-21 GRAD;MRL
TORNADO-G;MRL
130M46;FA
2A65;FA
2B14 PODNOS;FA
2S1 GVOZDIKA;FA
2S19;FA
2S19-M2;FA
2S3 AKATSIYA;FA
2S4;FA
2S7 PION;FA
2S9-1M NONA-SM;FA
2S9 NONA;FA
2S31 VENA;FA
82 PM-41;FA
2S12 SANI;FA
D-30;FA
D-30A;FA
SSC-7 SOUTHPAW;FA
SS-1C;FA
SS-21 B SCARAB;FA
ISKANDER-M 9M723;FA
SS-26;FA
ARK-1M;ART REL
PRP-4A ARGUS;ART REL
PRP-4;ART REL
AZK-7M 1B33M;ART REL
AZK-7;ART REL
T12-2M;ART REL
RPMK-1;ART REL
PRP-3;ART REL
1V152;ART REL
1V153;ART REL
1T12-2M;ART REL
BTY TECH VEH;ART REL
ISKANDER 9U91;ART REL
ISKANDER 9S920;ART REL
TV 9T238/9T222;ART REL
9T249;ART REL
9T250;ART REL
9T255;ART REL
9T217BM2;ART REL
9T243/9T3184;ART REL
9T244;ART REL
9T245;ART REL
9A84M TLV;ART REL
9A85M TLV;ART REL
BMD-1KSh;CMD
BMD-1R;APC
BMD-2M;APC
BMD-3;APC
BMD-KSh;CMD
BMP-2 Ksh;APC
BREM-2;APC
BREM-L BEGLIANKA;APC
BREM-D;APC
BTR-3D;APC
BTR-60/70;APC
BTR-70;APC
BTR-70KShM;APC
BTR-80;APC
BTR-80 1V152;APC
BTR-80 R-145;APC
BTR-80K;CMD
BTR-80PBKM;APC
BTR-82A;APC
BTR-D;APC
BTR-MDM;APC
MT-LB;APC
MT-LBU;APC
SPW-70;APC
BMD-1P;IFV
BMP-1/2;IFV
BMP-1KSh;CMD
BMP-1KShM;IFV
BMP-2/BMP-2M;IFV
BMP-2K;CMD
BMP-3/BMP-3M;IFV
BMP-3K;CMD
BPDM TAIFUN-M;RV
BRDM-2;RV
BRDM-2K;RV
BRDM-2M;RV
BRDM-2RKh;RV
BRDM-2RKhB;RV
BRDM-2U;RV
BRM-1;RV
BRM-1K;RV
BRM-3;RV
BRM-3K RYS;RV
GEAR UP MOTORCYCLE;RV
Laser RF DPR-2;RV
TIGR GAZ 233034;RV
100mm AT Gun R;AW
2A29;AW
AGS-30;AW
AT-13 SAXHORN-2;AW
AT-14 KORNET;AW
AT-4 SPIGOT;AW
AT-5 SPANDREL;AW
AT-6 SPIRAL;AW
AT-7;AW
BTR-RD AT-4/AT-5;AW
BMD-2M AT-14;AW
BRDM-2 AT-5B;AW
MT-12;AW
SPG-9;AW
2S25 SPRUT;AW
T-55T ARV;LOG
T-64;MBT
T-72B2;MBT
T-72B3/B3M;MBT
T-72BK;CMD
T-72K;CMD
T-90AK;CMD
T-90AM/M;MBT
BAT/PKT;ENG
BAT-2;ENG
BREM-1M;ENG
BTM/MDK;ENG
GMZ-3 GRANILSHIK;ENG
GRADER;ENG
IMR;ENG
IMR-2;ENG
IMR-3M;ENG
IRM;ENG
KMT-5;ENG
MTK-2;ENG
MTU-72;ENG
MTU-90;ENG
PMM-2;ENG
PMP;ENG
PMP-60;ENG
PMR/GMZ-2;ENG
DMZ-180A;ENG
POWERBOAT;ENG
PTS;ENG
PTS-2;ENG
RIB BOAT;ENG
TMM-3;ENG
TMM-6;ENG
TMM-3M2;ENG
UMZ;ENG
UMZ-3;ENG
UMZ-K;ENG
UR-77 METEORIT;ENG
UR-83;ENG
ZS-88 DIVIDER;PSYOPS
ZS-96 DEKORATOR;PSYOPS
ARS-14K;CBRN
ARS-14KM;CBRN
BTR-80RKhM6;CBRN
BTR-Kh;CBRN
CBRN Lab;CBRN
DDA-66;CBRN
RKHM-4;CBRN
RKHM-6;CBRN
BMO-1;CBRN
RPO-A SHMEL;CBRN
TDA-2K;CBRN
TDA-3;CBRN
TMS-65M;CBRN
TMS-65U;CBRN
TOS-1A;CBRN
TZ-74;CBRN
TZM-T TOS-1;CBRN
1V13;CMD
1V14;CMD
1V15;CMD
1V16;CMD
1V119;CMD
1V152;CMD
1V153;CMD
1V110;CMD
1V111;CMD
1V12M;CMD
1V17;CMD
1V18;CMD
1V19;CMD
MPPU;CMD
9S457M S-300 CP;CMD
9S470;CMD
SA-17 GRIZZLY / 9S510 CP;CMD
9S552 ISKANDER CP;CMD
9S729M1 SLEPOK-1;CMD
9S737 RANJIR;CMD
9S937M RANZHIR;CMD
R-145BMA;CMD
R-145BM;CMD
R-145BM1;CMD
R-149M;CMD
R-149BMR BTR-80 CP;CMD
R-149MA1 C2;CMD
R-149MA3 C2;CMD
1L222 AVTOBAZA;EW
1L269 KRASUKHA-2;EW
1L271 AISTYONOK;EW
1RL257 KRASUKHA-4;EW
85V6-A VEGA;EW
85V6-V ORION;EW
KVANT SPN-2/4 IRL248-2/4 HP;EW
LEER-2;EW
LEER-3 RB-341;EW
MR-325 UMV MURMANSK-BN;EW
R-325UMV;EW
R-330 ZHITEL;EW
R-330B;EW
R-330BMV;EW
R-330K;EW
R-330KMA;EW
R-330KMB;EW
R-378B;EW
R-378BMV;EW
R-381T1;EW
R-381T2;EW
R-381T3;EW
R-440;EW
R-934B;EW
R-934BMV;EW
R-934UM;EW
RB-301B;EW
RB-531B INFAUNA;EW
RP-377BMV;EW
RP-377L;EW
RP-377LA;EW
RP-377U;EW
RP-377UV;EW
SPR-2;EW
REPELLENT;EW
SILOK;EW
TORN;EW
ISKANDER ACCOM;SIG
P-260 REDUT-2US;SIG
R-431AM;SIG
P-240I4;SIG
E-351-16;SIG
R-441 LIVEN;SIG
GAZ-66 RADIO RELAY;SIG
GAZ-66 SATCOM;SIG
MP32M1;SIG
R-419-L1;SIG
R-161BM;SIG
R-142NMR;SIG
R-142 NSA;SIG
R-166-0.5;CMD
1L217;RAD
1L219 ZOOPARK1;RAD
1L120 KREDO-M1;RAD
1L22 PAROL;RAD
1L267 MOSKVA-1;RAD
1L277;RAD
1S91 STRAIGHT FLUSH;RAD
5N64 BIG BIRD;RAD
96L6E CHEESE BOARD;RAD
9S15M2;RAD
9S18M1-1 SNOW DRIFT;RAD
9S19M2;RAD
9S32M;RAD
9S36 CHAIR BACK;RAD
ARK-1M;RAD
FARA-1;RAD
GIRAFFE 40 TA RADAR;RAD
39N6E KASTA-2E2 FLAT FACE E;RAD
METEO RADAR;RAD
NEBO SVU;RAD
P-15 FLAT FACE A;RAD
P-15 FLAT FACE C;RAD
P-40 LONG TRACK;RAD
PRV-11 SIDE NET;RAD
PRV-9 THIN SKIN;RAD
PSNR-8M;RAD
RADAR TRAJECTOGRAP;RAD
PRPU-1M 9S-80 DOG EAR;RAD
SNAR-10M;RAD
GAZ-3962 TABLETKA;LOG
BMM-1;LOG
BMM-2;LOG
BMM-3;LOG
GAZ-66;LOG
GAZ-233114 TIGR-M;TUV
KAMAZ-5350;LOG
KRAZ-255B;LOG
TRAILER 2PN-4M;LOG
PAK-200M;LOG
FIELD MOBILE BAKERY;LOG
TRUCK MTO-AM1;LOG
UAZ-452A;LOG
UAZ-469;LOG
UAZ-469B;LOG
URAL-5557;LOG
URAL-365;LOG
URAL-375;LOG
KAMAZ-6560;LOG
KAMAZ-65606;LOG
KAMAZ-63968;LOG
URAL-4320;LOG
URAL-43206;LOG
ZIL-131;LOG
BIRD EYE 400;UAV
DOZOR-600;UAV
GRANAT-1;UAV
ELERON-3SV;UAV
GRANAT-4;UAV
FORPOST;UAV
ORLAN-10;UAV
SEARCHER Mk2;UAV
YAK-152;AA
YAK-130;AA
SU-24MP;AA
MIG-31BM;AA
SU-30MKK;MF
SU-35S;MF
SU-27SKM;MF
MIG-29SMT;MF
SU-57;MF
SU-27SM;MF
SU-25SM;MF
TU-95MSM;MF
A-50U;MF
MIG-21;JF
AN-72;TA
AN-24;TA
IL-76;TA
IL-78M;TA
AN-26;TA
AN-12;TA
MI-26;HTH
MI-8;TH
MI-17;TH
MI-2;TH
MI-24 V HIND-E;AH
MI-28/MI-28N;AH
MI-28;AH
MI-35M;AH
KA-52 HOKUM B;AH
KA-52M;AH
LADA CLASS;SSK
SANG-O CLASS;SSK
GHADIR CLASS;SSK
DOLPHIN CLASS;SSK
KARAKURT CLASS;FS
STEREGUSCHCHIY CLASS;FS
GRISHA V CLASS;FS
JIANGKAI II (TYPE 054A);FF
MEKO 360 CLASS;FF
FRANKENTHAL CLASS;MCM
IL-38N;ASW
KA-28;ASW
KA-27PS;SAR
BERLIN CLASS;CS
DEEPAK CLASS;CS
SERNA CLASS;LD
IVAN GREN CLASS;LD
RAPTOR CLASS;PC
